{
  "format_version": 2,
  "tooth": "gitea.litebds.com/LiteLDev/legacy-script-engine-nodejs",
  "version": "0.9.7",
  "info": {
    "name": "LegacyScriptEngine with NodeJs backend",
    "description": "A plugin engine for running LLSE plugins on LeviLamina",
    "author": "LiteLDev",
    "tags": [
      "platform:levilamina",
      "plugin-engine"
    ]
  },
  "dependencies": {
    "github.com/LiteLDev/LegacyRemoteCall": "0.9.x",
    "github.com/LiteLDev/LegacyParticleAPI": "0.9.x",
    "github.com/LiteLDev/LegacyMoney": "0.9.x",
    "gitea.litebds.com/ShrBox/7-zip": "24.x",
    "gitea.litebds.com/LiteLDev/node-binaries": "22.12.0-rc.2"
  },
  "prerequisites": {
    "github.com/LiteLDev/LeviLamina": "1.0.x"
  },
  "files": {
    "place": [
      {
        "src": "legacy-script-engine-nodejs/*",
        "dest": "plugins/legacy-script-engine-nodejs/"
      }
    ]
  }
}
